ID,FechaAlta,Apellido_nombre,Genero,Fecha_nacimiento
1,6/10/2025 12:14:57,Paciente 1,Masculino,1997-08-10
2,6/10/2025 14:13:46,Paciente 2,Masculino,2000-06-20
3,7/10/2025 1:26:21,Paciente 3,Femenino,2004-07-20
4,6/11/2025 10:19:23,Paciente 4,Femenino,2025-11-06
5,6/11/2025 10:22:31,Paciente 5,Masculino,2025-11-06
6,6/11/2025 10:44:26,Paciente 6,Masculino,2025-11-06
7,6/11/2025 10:46:08,Paciente 7,Femenino,2025-11-06
8,6/11/2025 11:00:40,Paciente 8,Masculino,1990-11-09
9,6/11/2025 11:07:03,Paciente 9,Femenino,1985-03-22
10,6/11/2025 11:09:58,Paciente 10,Masculino,2025-10-04
11,6/11/2025 11:11:10,Paciente 11,Masculino,1978-09-10
12,6/11/2025 11:12:47,Paciente 12,Masculino,2025-09-17
13,6/11/2025 11:14:37,Paciente 13,Femenino,2025-11-03
14,6/11/2025 11:14:49,Paciente 14,Femenino,1992-12-05
15,6/11/2025 11:17:14,Paciente 15,Masculino,1983-05-14
16,6/11/2025 11:17:28,Paciente 16,Otro,2025-11-05
17,6/11/2025 11:18:57,Paciente 17,Femenino,1976-01-30
18,6/11/2025 11:20:47,Paciente 18,Masculino,1995-04-18
19,6/11/2025 11:23:28,Paciente 19,Femenino,1969-07-02
20,6/11/2025 11:25:47,Paciente 20,Masculino,1980-02-11
21,6/11/2025 11:27:32,Paciente 21,Femenino,1998-08-25
22,6/11/2025 11:30:16,Paciente 22,Masculino,1987-03-04
23,6/11/2025 11:49:22,Paciente 23,Masculino,1965-02-20
24,6/11/2025 11:51:56,Paciente 24,Femenino,1965-02-20
25,6/11/2025 11:57:19,Paciente 25,Femenino,1988-06-15
26,6/11/2025 12:00:09,Paciente 26,Masculino,1979-12-12
27,6/11/2025 12:03:37,Paciente 27,Femenino,1979-12-12
28,6/11/2025 12:08:06,Paciente 28,Femenino,1993-05-08
29,6/11/2025 12:11:40,Paciente 29,Masculino,1986-03-13
30,6/11/2025 12:13:52,Paciente 30,Masculino,2025-11-03
31,6/11/2025 12:14:46,Paciente 31,Femenino,2025-11-01
32,6/11/2025 12:15:20,Paciente 32,Masculino,2025-11-03
33,6/11/2025 12:17:04,Paciente 33,Femenino,1989-10-04
34,6/11/2025 12:20:35,Paciente 34,Masculino,1981-07-10
35,6/11/2025 12:22:03,Paciente 35,Femenino,2025-11-06
36,6/11/2025 12:22:42,Paciente 36,Femenino,1977-10-27
37,6/11/2025 12:24:52,Paciente 37,Masculino,1968-01-12
38,6/11/2025 12:26:38,Paciente 38,Femenino,1984-06-19
39,6/11/2025 12:30:58,Paciente 39,Masculino,1982-02-25
40,6/11/2025 12:32:54,Paciente 40,Femenino,1991-11-16
41,6/11/2025 12:35:43,Paciente 41,Masculino,1980-04-02
42,6/11/2025 12:38:49,Paciente 42,Masculino,1988-08-05
43,6/11/2025 12:41:44,Paciente 43,Femenino,1972-12-11
44,6/11/2025 12:45:18,Paciente 44,Masculino,1981-03-23
45,6/11/2025 12:49:51,Paciente 45,Femenino,1999-07-17
46,6/11/2025 12:53:10,Paciente 46,Masculino,1976-02-09
47,6/11/2025 12:59:04,Paciente 47,Femenino,1994-03-11
48,6/11/2025 13:17:02,Paciente 48,Femenino,1988-06-08
49,6/11/2025 13:20:43,Paciente 49,Masculino,1976-11-10
50,6/11/2025 13:25:15,Paciente 50,Femenino,1970-04-30